n,actual,estimated,error
2000,1644,1612.68,0.0190494
4000,2729,2750.31,0.00781028
6001,3451,3467.68,0.00483368
8000,3970,4030.85,0.0153287
10000,4302,4401.8,0.0231979
12000,4527,4639.08,0.0247577
14000,4678,4807.18,0.0276136
16000,4775,4937,0.0339258
18000,4845,4980.73,0.0280143
20000,4896,5086.56,0.0389225
