stream_seed,fraction,stream_size,exact,hll_estimate,relative_error
100,0.1000,2000,1644,1612.68,0.019049
100,0.2000,4000,2729,2750.31,0.007810
100,0.3000,6001,3451,3467.68,0.004834
100,0.4000,8000,3970,4030.85,0.015329
100,0.5000,10000,4302,4401.80,0.023198
100,0.6000,12000,4527,4639.08,0.024758
100,0.7000,14000,4678,4807.18,0.027614
100,0.8000,16000,4775,4937.00,0.033926
100,0.9000,18000,4845,4980.73,0.028014
100,1.0000,20000,4896,5086.56,0.038923
