fraction,mean_exact,mean_estimate,std_estimate,mean_relative_error
0.1000,1648.60,1637.99,27.88,0.014990
0.2000,2751.40,2768.58,36.64,0.013757
0.3000,3485.30,3471.64,81.26,0.018971
0.4000,3986.00,3954.39,99.19,0.022048
0.5000,4319.10,4286.84,117.53,0.023814
0.6000,4545.40,4521.74,116.77,0.021473
0.7000,4694.60,4669.73,121.91,0.023434
0.8000,4792.30,4758.56,136.49,0.024280
0.9000,4858.00,4822.70,125.51,0.023473
1.0000,4905.60,4868.68,138.93,0.025357
